income_am,profit_last_am,profit_am,damage_am,crd_lim_rec,cab_requests,bar_no,neighbor_income,age,tenure_mts,tenure_yrs,claims_am,nights_booked,shop_am,pos_mean_scores,neg_mean_scores,damage_inc_0,damage_inc_1,damage_inc_2,damage_inc_3,damage_inc_4,damage_inc_5,damage_inc_7,credit_use_ic_0.0,credit_use_ic_1.0,insurance_ic_0,insurance_ic_1,spa_ic_0,spa_ic_1,empl_ic_0,empl_ic_1,married_cd_False,married_cd_True,sport_ic_0,sport_ic_1,marketing_permit_0,marketing_permit_1,dining_ic_0,dining_ic_1,presidential_0.0,presidential_1.0,presidential_Undefined,client_segment_0,client_segment_1,client_segment_2,client_segment_3,client_segment_4,client_segment_5,sect_empl_0,sect_empl_1,sect_empl_2,sect_empl_4,sect_empl_6,prev_stay_0,prev_stay_1,prev_all_in_stay_0,prev_all_in_stay_1,divorce_0,divorce_1,fam_adult_size_1,fam_adult_size_2,fam_adult_size_3,children_no_0,children_no_1,children_no_2,children_no_3,children_no_4,company_ic_0,company_ic_1,claims_no_0,claims_no_1,claims_no_2,claims_no_3,claims_no_5,claims_no_7,gender_M,gender_V,shop_use_0.0,shop_use_1.0,shop_use_Undefined,retired_0,retired_1,gold_status_0,gold_status_1,outcome_profit,outcome_damage_inc,outcome_damage_amount,net_profit
6855.0,1664.0,8205.0,1634.0,6000.0,8,4,33188.0,33,105,9,0.0,1,0,0.0310725600709382,0.7885245974483047,0,0,0,0,0,0,1,0,1,0,1,0,1,1,0,0,1,0,1,0,1,1,0,1,0,0,0,1,0,0,0,0,1,0,0,0,0,0,1,1,0,1,0,0,1,0,1,0,0,0,0,1,0,1,0,0,0,0,0,0,1,1,0,0,1,0,0,1,10971.59,0,0.0,10971.59
2301.0,214.0,2516.0,0.0,11000.0,7,1,24007.0,38,374,31,0.0,17,7,0.7672478990243217,0.508136674903153,1,0,0,0,0,0,0,1,0,1,0,1,0,1,0,0,1,1,0,0,1,1,0,1,0,0,0,1,0,0,0,0,0,1,0,0,0,0,1,0,1,1,0,0,1,0,1,0,0,0,0,1,0,1,0,0,0,0,0,1,0,0,1,0,1,0,1,0,8102.27,0,0.0,8102.27
19858.0,378.0,26884.0,0.0,13000.0,4,12,35812.0,61,187,16,0.0,153,0,0.3606576063942439,0.9423138209842457,1,0,0,0,0,0,0,0,1,0,1,0,1,1,0,0,1,0,1,0,1,0,1,1,0,0,0,0,0,1,0,0,1,0,0,0,0,0,1,0,1,1,0,1,0,0,1,0,0,0,0,1,0,0,0,1,0,0,0,1,0,1,0,0,0,1,0,1,6337.13,0,0.0,6337.13
227.0,0.0,2183.0,1967.0,15000.0,8,5,32328.0,37,326,27,0.0,240,0,0.0706429726781354,0.4756876381275229,0,0,0,0,1,0,0,1,0,0,1,1,0,1,0,0,1,0,1,0,1,1,0,1,0,0,0,1,0,0,0,0,1,0,0,0,0,0,1,0,1,1,0,0,0,1,1,0,0,0,0,1,0,1,0,0,0,0,0,1,0,1,0,0,1,0,1,0,6277.84,0,0.0,6277.84
6603.0,347.0,8406.0,0.0,5000.0,9,1,56185.0,68,515,43,0.0,45,0,0.0566849069848505,0.0728244609786843,1,0,0,0,0,0,0,1,0,1,0,1,0,1,0,0,1,1,0,0,1,0,1,1,0,0,0,0,1,0,0,0,1,0,0,0,0,0,1,0,1,1,0,1,0,0,1,0,0,0,0,1,0,0,1,0,0,0,0,1,0,1,0,0,0,1,1,0,5788.51,0,0.0,5788.51
227.0,810.0,1620.0,0.0,2500.0,5,5,32322.0,68,245,20,0.0,38,0,0.5227861619125291,0.474789872843861,1,0,0,0,0,0,0,1,0,1,0,1,0,1,0,0,1,1,0,0,1,1,0,1,0,0,0,1,0,0,0,0,1,0,0,0,0,0,1,1,0,1,0,1,0,0,1,0,0,0,0,1,0,1,0,0,0,0,0,0,1,1,0,0,0,1,1,0,5526.39,0,0.0,5526.39
227.0,0.0,1620.0,0.0,0.0,7,8,30050.0,30,273,23,2617.0,2,0,0.5227861619125291,0.474789872843861,1,0,0,0,0,0,0,1,0,1,0,1,0,1,0,0,1,0,1,1,0,0,1,1,0,0,1,0,0,0,0,0,1,0,0,0,0,0,1,1,0,1,0,0,0,1,1,0,0,0,0,1,0,0,1,0,0,0,0,1,0,1,0,0,1,0,1,0,5368.34,0,0.0,5368.34
227.0,810.0,1620.0,0.0,0.0,6,6,31790.0,48,273,23,182.0,3,0,0.5227861619125291,0.3728283976062926,1,0,0,0,0,0,0,1,0,1,0,0,1,1,0,1,0,0,1,0,1,0,1,1,0,0,1,0,0,0,0,0,1,0,0,0,0,0,1,1,0,0,1,0,1,0,1,0,0,0,0,1,0,0,0,1,0,0,0,1,0,1,0,0,1,0,1,0,4774.18,0,0.0,4774.18
8292.0,1262.0,8548.0,0.0,6000.0,4,7,26044.0,73,350,29,0.0,55,0,0.5227861619125291,0.474789872843861,1,0,0,0,0,0,0,1,0,1,0,1,0,1,0,0,1,1,0,0,1,1,0,1,0,0,0,0,0,1,0,0,1,0,0,0,0,0,1,1,0,1,0,1,0,0,1,0,0,0,0,1,0,1,0,0,0,0,0,0,1,1,0,0,0,1,1,0,4579.37,0,0.0,4579.37
227.0,0.0,1665.0,0.0,0.0,6,9,40974.0,60,30,3,0.0,2,0,0.5227861619125291,0.474789872843861,1,0,0,0,0,0,0,1,0,1,0,1,0,1,0,0,1,1,0,1,0,1,0,1,0,0,0,1,0,0,0,0,1,0,0,0,0,0,1,1,0,1,0,1,0,0,1,0,0,0,0,1,0,1,0,0,0,0,0,0,1,1,0,0,1,0,1,0,4369.45,0,0.0,4369.45
647.0,84.0,1876.0,0.0,4000.0,5,1,25703.0,26,59,5,0.0,58,6,0.5227861619125291,0.474789872843861,1,0,0,0,0,0,0,1,0,0,1,0,1,1,0,0,1,1,0,1,0,1,0,1,0,0,0,1,0,0,0,0,0,1,0,0,0,0,1,1,0,1,0,0,1,0,0,1,0,0,0,1,0,1,0,0,0,0,0,0,1,0,1,0,1,0,1,0,4348.45,0,0.0,4348.45
2025.0,0.0,4366.0,0.0,15000.0,12,6,40170.0,58,364,30,0.0,70,8,0.6953513197099568,0.6516291508352756,1,0,0,0,0,0,0,1,0,1,0,1,0,1,0,0,1,1,0,0,1,1,0,1,0,0,0,0,1,0,0,0,1,0,0,0,0,0,1,0,1,1,0,1,0,0,1,0,0,0,0,1,0,1,0,0,0,0,0,0,1,0,1,0,1,0,1,0,4732.08,1,399.15,4332.93
375.0,62.0,1676.0,0.0,750.0,7,9,29202.0,20,154,13,0.0,3,0,0.5227861619125291,0.474789872843861,1,0,0,0,0,0,0,1,0,0,1,0,1,1,0,0,1,1,0,1,0,1,0,1,0,0,0,1,0,0,0,0,1,0,0,0,0,0,1,1,0,1,0,1,0,0,1,0,0,0,0,1,0,1,0,0,0,0,0,1,0,1,0,0,1,0,1,0,4213.68,0,0.0,4213.68
322.0,23.0,2750.0,0.0,4500.0,3,7,34511.0,40,258,22,0.0,105,0,0.7833112930614573,0.6909780589107042,1,0,0,0,0,0,0,1,0,1,0,1,0,1,0,0,1,1,0,0,1,1,0,1,0,0,0,1,0,0,0,0,0,1,0,0,0,0,1,1,0,1,0,0,1,0,1,0,0,0,0,1,0,1,0,0,0,0,0,1,0,1,0,0,1,0,1,0,4431.8,1,330.79,4101.01
3620.0,953.0,3461.0,0.0,4000.0,5,10,32475.0,61,350,29,0.0,4,0,0.5227861619125291,0.474789872843861,1,0,0,0,0,0,0,1,0,0,1,1,0,1,0,1,0,1,0,0,1,1,0,1,0,0,0,1,0,0,0,0,1,0,0,0,0,0,1,0,1,0,1,1,0,0,1,0,0,0,0,1,0,1,0,0,0,0,0,1,0,1,0,0,0,1,1,0,4078.76,0,0.0,4078.76
3578.0,1408.0,2164.0,0.0,0.0,10,5,26684.0,40,590,49,0.0,4,0,0.5270785286125341,0.4140700103745378,1,0,0,0,0,0,0,1,0,1,0,1,0,1,0,0,1,0,1,1,0,1,0,1,0,0,0,0,1,0,0,0,1,0,0,0,0,0,1,1,0,1,0,0,0,1,1,0,0,0,0,1,0,1,0,0,0,0,0,0,1,1,0,0,1,0,1,0,3953.4,0,0.0,3953.4
364.0,19.0,8590.0,1044.0,7000.0,7,10,28217.0,31,242,20,0.0,118,0,0.5502919877628601,0.4770471165587781,0,1,0,0,0,0,0,1,0,0,1,1,0,1,0,0,1,0,1,0,1,1,0,1,0,0,0,0,0,0,1,0,0,0,0,0,1,0,1,0,1,1,0,0,0,1,0,1,0,0,0,0,1,1,0,0,0,0,0,1,0,1,0,0,1,0,1,0,3721.33,0,0.0,3721.33
1158.0,82.0,4194.0,408.0,12000.0,10,11,37619.0,38,229,19,0.0,222,0,0.3601064978225188,0.568299098265522,0,0,0,0,1,0,0,1,0,0,1,0,1,1,0,0,1,0,1,0,1,1,0,1,0,0,0,1,0,0,0,0,1,0,0,0,0,0,1,0,1,1,0,0,0,1,0,1,0,0,0,1,0,1,0,0,0,0,0,1,0,1,0,0,1,0,1,0,3683.78,0,0.0,3683.78
10461.0,976.0,17385.0,0.0,6000.0,1,4,33832.0,65,359,30,0.0,33,0,0.5227861619125291,0.474789872843861,1,0,0,0,0,0,0,1,0,0,1,1,0,1,0,1,0,1,0,1,0,1,0,1,0,0,0,0,1,0,0,0,1,0,0,0,0,0,1,1,0,1,0,1,0,0,1,0,0,0,0,1,0,1,0,0,0,0,0,1,0,1,0,0,0,1,1,0,3656.51,0,0.0,3656.51
20564.0,121.0,34303.0,0.0,0.0,2,4,26919.0,46,184,15,0.0,4,0,0.1230959220446772,0.5220513149613201,0,1,0,0,0,0,0,1,0,1,0,1,0,1,0,0,1,1,0,0,1,1,0,1,0,0,0,0,0,1,0,0,0,1,0,0,0,0,1,1,0,1,0,0,0,1,1,0,0,0,0,1,0,0,0,0,0,1,0,1,0,1,0,0,1,0,0,1,3609.21,0,0.0,3609.21
254.0,10.0,3353.0,117.0,6500.0,14,11,29018.0,49,254,21,0.0,28,0,0.5227861619125291,0.474789872843861,0,0,1,0,0,0,0,1,0,1,0,1,0,1,0,0,1,1,0,0,1,1,0,1,0,0,0,1,0,0,0,0,1,0,0,0,0,1,0,0,1,1,0,0,1,0,1,0,0,0,0,1,0,1,0,0,0,0,0,1,0,1,0,0,1,0,1,0,3594.4,0,0.0,3594.4
227.0,0.0,1620.0,0.0,0.0,9,6,29113.0,50,273,23,0.0,2,0,0.5227861619125291,0.3338745348892928,1,0,0,0,0,0,0,1,0,1,0,1,0,1,0,0,1,1,0,1,0,1,0,1,0,0,1,0,0,0,0,0,1,0,0,0,0,0,1,1,0,1,0,1,0,0,1,0,0,0,0,1,0,1,0,0,0,0,0,1,0,1,0,0,1,0,1,0,3586.44,0,0.0,3586.44
370.0,3883.0,7766.0,1687.0,4000.0,5,5,35515.0,26,137,11,0.0,24,0,0.0007666910024199,0.5639302540499157,0,0,0,1,0,0,0,1,0,0,1,1,0,1,0,1,0,0,1,1,0,1,0,1,0,0,0,1,0,0,0,0,1,0,0,0,0,0,1,1,0,1,0,0,0,1,1,0,0,0,0,1,0,0,1,0,0,0,0,1,0,1,0,0,1,0,1,0,3586.43,0,0.0,3586.43
14701.0,0.0,9258.0,2647.0,9000.0,3,13,45210.0,57,326,27,0.0,9,0,0.3780436451280752,0.4676273453511885,0,0,1,0,0,0,0,1,0,1,0,0,1,1,0,0,1,1,0,1,0,1,0,1,0,0,0,0,1,0,0,0,0,1,0,0,0,0,1,0,1,1,0,0,0,1,1,0,0,0,0,1,0,1,0,0,0,0,0,1,0,1,0,0,1,0,1,0,3520.69,0,0.0,3520.69
227.0,0.0,1620.0,0.0,0.0,2,4,16926.0,43,296,25,0.0,4,0,0.5227861619125291,0.474789872843861,1,0,0,0,0,0,0,1,0,1,0,1,0,1,0,0,1,1,0,1,0,1,0,1,0,0,0,1,0,0,0,0,1,0,0,0,0,1,0,1,0,1,0,0,1,0,0,0,0,1,0,1,0,1,0,0,0,0,0,0,1,1,0,0,1,0,1,0,3447.73,0,0.0,3447.73
4569.0,1825.0,2334.0,0.0,0.0,2,8,28586.0,68,19,2,0.0,4,0,0.7992724492348248,0.4865859431169309,1,0,0,0,0,0,0,1,0,1,0,1,0,1,0,0,1,1,0,0,1,1,0,1,0,0,0,0,1,0,0,0,1,0,0,0,0,0,1,1,0,1,0,1,0,0,1,0,0,0,0,1,0,1,0,0,0,0,0,1,0,1,0,0,0,1,1,0,3435.22,0,0.0,3435.22
2398.0,563.0,2886.0,41.0,11000.0,5,1,33460.0,53,347,29,0.0,94,0,0.4394775262436202,0.279559728455871,0,1,0,0,0,0,0,1,0,0,1,0,1,1,0,0,1,0,1,1,0,1,0,1,0,0,0,1,0,0,0,0,1,0,0,0,0,0,1,0,1,1,0,1,0,0,1,0,0,0,0,1,0,1,0,0,0,0,0,0,1,1,0,0,1,0,1,0,3326.32,0,0.0,3326.32
7143.0,2150.0,3905.0,0.0,4000.0,4,0,27339.0,63,384,32,0.0,71,8,0.5227861619125291,0.474789872843861,1,0,0,0,0,0,0,1,0,1,0,1,0,1,0,1,0,0,1,0,1,1,0,1,0,0,0,0,1,0,0,0,1,0,0,0,0,0,1,1,0,1,0,1,0,0,1,0,0,0,0,1,0,1,0,0,0,0,0,0,1,0,1,0,1,0,1,0,3289.5,0,0.0,3289.5
227.0,0.0,1620.0,0.0,0.0,2,1,28754.0,22,108,9,0.0,4,0,0.5227861619125291,0.474789872843861,1,0,0,0,0,0,0,1,0,1,0,1,0,1,0,1,0,1,0,1,0,1,0,1,0,0,0,1,0,0,0,0,1,0,0,0,0,1,0,1,0,1,0,0,0,1,1,0,0,0,0,1,0,1,0,0,0,0,0,0,1,1,0,0,1,0,1,0,3236.78,0,0.0,3236.78
1386.0,479.0,4054.0,562.0,8000.0,2,7,28830.0,46,323,27,0.0,74,0,0.2973878483020569,0.2613318004900621,0,0,0,1,0,0,0,1,0,0,1,1,0,1,0,1,0,0,1,0,1,1,0,1,0,0,0,1,0,0,0,0,1,0,0,0,0,0,1,1,0,1,0,0,1,0,1,0,0,0,0,1,0,1,0,0,0,0,0,1,0,1,0,0,1,0,1,0,3146.17,0,0.0,3146.17
227.0,0.0,1620.0,0.0,0.0,6,5,37632.0,61,273,23,0.0,4,0,0.5227861619125291,0.474789872843861,1,0,0,0,0,0,0,1,0,1,0,1,0,1,0,0,1,1,0,1,0,1,0,0,0,1,1,0,0,0,0,0,1,0,0,0,0,0,1,1,0,1,0,1,0,0,1,0,0,0,0,1,0,1,0,0,0,0,0,0,1,0,0,1,1,0,1,0,3132.99,0,0.0,3132.99
227.0,0.0,1620.0,0.0,0.0,6,9,28784.0,26,273,23,0.0,2,0,0.5227861619125291,0.860199634554357,1,0,0,0,0,0,0,1,0,1,0,1,0,1,0,0,1,1,0,0,1,1,0,1,0,0,1,0,0,0,0,0,1,0,0,0,0,0,1,1,0,1,0,0,1,0,1,0,0,0,0,0,1,1,0,0,0,0,0,0,1,1,0,0,1,0,1,0,3101.27,0,0.0,3101.27
334.0,0.0,1821.0,0.0,0.0,11,9,28976.0,38,338,28,0.0,1,0,0.5227861619125291,0.474789872843861,1,0,0,0,0,0,0,1,0,0,1,1,0,1,0,0,1,0,1,1,0,1,0,1,0,0,0,1,0,0,0,0,1,0,0,0,0,0,1,0,1,1,0,0,1,0,1,0,0,0,0,1,0,1,0,0,0,0,0,1,0,1,0,0,1,0,1,0,3064.8,0,0.0,3064.8
335.0,0.0,4373.0,879.0,11000.0,3,6,32009.0,35,395,33,0.0,75,0,0.2779822239823594,0.5264584201166173,0,0,1,0,0,0,0,1,0,0,1,0,1,1,0,0,1,0,1,1,0,1,0,1,0,0,0,1,0,0,0,0,1,0,0,0,0,0,1,0,1,1,0,0,1,0,0,0,0,1,0,1,0,0,1,0,0,0,0,1,0,1,0,0,1,0,1,0,2991.44,0,0.0,2991.44
817.0,0.0,1747.0,0.0,0.0,2,5,32155.0,31,16,1,0.0,3,0,0.5227861619125291,0.474789872843861,1,0,0,0,0,0,0,1,0,0,1,0,1,1,0,0,1,1,0,0,1,1,0,1,0,0,0,1,0,0,0,0,1,0,0,0,0,1,0,1,0,1,0,0,1,0,1,0,0,0,0,1,0,1,0,0,0,0,0,0,1,1,0,0,1,0,1,0,2989.68,0,0.0,2989.68
672.0,0.0,1885.0,19.0,2500.0,8,7,30989.0,43,368,31,393.0,21,0,0.173008938409415,0.5916506528258112,0,1,0,0,0,0,0,1,0,0,1,1,0,1,0,1,0,0,1,0,1,1,0,1,0,0,0,1,0,0,0,0,1,0,0,0,0,0,1,1,0,0,1,0,1,0,0,0,1,0,0,1,0,0,1,0,0,0,0,0,1,1,0,0,1,0,1,0,2898.06,0,0.0,2898.06
227.0,0.0,1621.0,0.0,0.0,4,8,39153.0,54,305,25,0.0,2,0,0.5227861619125291,0.474789872843861,1,0,0,0,0,0,0,1,0,1,0,1,0,1,0,0,1,1,0,0,1,1,0,1,0,0,0,1,0,0,0,0,1,0,0,0,0,0,1,1,0,1,0,1,0,0,1,0,0,0,0,1,0,1,0,0,0,0,0,1,0,1,0,0,1,0,1,0,2883.01,0,0.0,2883.01
16341.0,3162.0,15016.0,643.0,0.0,7,0,31343.0,40,539,45,0.0,48,0,0.7037736463605817,0.9238115032412422,0,0,1,0,0,0,0,1,0,0,1,1,0,1,0,0,1,0,1,0,1,1,0,1,0,0,0,0,0,1,0,0,0,0,0,1,0,0,1,0,1,1,0,0,0,1,0,0,1,0,0,1,0,0,1,0,0,0,0,1,0,1,0,0,1,0,1,0,2767.97,0,0.0,2767.97
1356.0,1503.5,3007.0,0.0,0.0,9,8,32863.0,48,55,5,0.0,4,0,0.4981041151348941,0.6986295216611442,1,0,0,0,0,0,0,1,0,1,0,0,1,1,0,0,1,1,0,1,0,1,0,1,0,0,0,0,1,0,0,0,0,1,0,0,0,0,1,1,0,1,0,0,0,1,1,0,0,0,0,1,0,1,0,0,0,0,0,0,1,1,0,0,1,0,1,0,2738.95,0,0.0,2738.95
1190.0,325.0,6688.0,1676.0,8500.0,4,5,34869.0,30,338,28,0.0,52,6,0.2056930291811279,0.1310495369069955,0,0,1,0,0,0,0,1,0,0,1,0,1,1,0,1,0,0,1,0,1,1,0,1,0,0,0,0,1,0,0,0,1,0,0,0,0,0,1,0,1,1,0,0,0,1,0,1,0,0,0,1,0,1,0,0,0,0,0,0,1,0,1,0,1,0,1,0,2729.67,0,0.0,2729.67
227.0,810.0,1620.0,0.0,0.0,9,5,37185.0,39,0,0,0.0,3,0,0.7540565507419641,0.3060462392648256,1,0,0,0,0,0,0,1,0,1,0,0,1,1,0,0,1,1,0,1,0,1,0,1,0,0,1,0,0,0,0,0,1,0,0,0,0,0,1,1,0,1,0,0,1,0,1,0,0,0,0,1,0,1,0,0,0,0,0,1,0,1,0,0,1,0,1,0,2672.23,0,0.0,2672.23
9114.0,0.0,11374.0,0.0,0.0,7,2,32047.0,53,220,18,0.0,5,0,0.7553085608721786,0.6501007266115817,1,0,0,0,0,0,0,1,0,1,0,0,1,1,0,0,1,1,0,0,1,1,0,1,0,0,0,0,1,0,0,0,1,0,0,0,0,0,1,0,1,1,0,0,1,0,1,0,0,0,0,1,0,1,0,0,0,0,0,0,1,1,0,0,1,0,0,1,2663.69,0,0.0,2663.69
263.0,15.0,3575.0,0.0,0.0,10,7,23375.0,56,254,21,0.0,4,0,0.5227861619125291,0.474789872843861,1,0,0,0,0,0,0,1,0,1,0,1,0,1,0,1,0,1,0,1,0,1,0,1,0,0,0,1,0,0,0,0,1,0,0,0,0,0,1,1,0,0,1,1,0,0,1,0,0,0,0,1,0,1,0,0,0,0,0,0,1,1,0,0,0,1,1,0,2626.74,0,0.0,2626.74
2613.0,906.0,1958.0,0.0,0.0,3,9,33770.0,71,122,10,0.0,4,0,0.7215910001524581,0.5255832925026672,1,0,0,0,0,0,0,1,0,1,0,1,0,1,0,0,1,1,0,1,0,1,0,1,0,0,0,0,1,0,0,0,1,0,0,0,0,0,1,1,0,1,0,1,0,0,1,0,0,0,0,1,0,1,0,0,0,0,0,1,0,1,0,0,0,1,1,0,2607.07,0,0.0,2607.07
227.0,0.0,1620.0,0.0,0.0,1,0,34003.0,48,39,3,0.0,4,0,0.492365281067838,0.590196640842664,1,0,0,0,0,0,0,1,0,1,0,1,0,1,0,0,1,1,0,0,1,1,0,1,0,0,0,1,0,0,0,0,1,0,0,0,0,0,1,1,0,1,0,0,1,0,1,0,0,0,0,1,0,1,0,0,0,0,0,0,1,1,0,0,1,0,1,0,2568.56,0,0.0,2568.56
4797.0,1921.0,2373.0,0.0,0.0,8,5,33605.0,57,26,2,0.0,4,0,0.5227861619125291,0.474789872843861,1,0,0,0,0,0,0,1,0,1,0,0,1,1,0,1,0,1,0,1,0,1,0,1,0,0,0,0,1,0,0,0,1,0,0,0,0,0,1,1,0,0,1,1,0,0,1,0,0,0,0,1,0,1,0,0,0,0,0,1,0,1,0,0,0,1,1,0,2556.09,0,0.0,2556.09
236.0,3.0,1650.0,0.0,0.0,6,13,15088.0,32,167,14,0.0,2,0,0.956715201078315,0.7260055837409984,1,0,0,0,0,0,0,1,0,0,1,1,0,1,0,1,0,1,0,0,1,1,0,1,0,0,0,1,0,0,0,0,1,0,0,0,0,0,1,1,0,0,1,0,1,0,0,1,0,0,0,1,0,1,0,0,0,0,0,0,1,1,0,0,1,0,1,0,2539.42,0,0.0,2539.42
1259.0,1717.0,3434.0,0.0,15000.0,1,7,36228.0,42,339,28,0.0,156,8,0.7229492888165264,0.1728790101309663,1,0,0,0,0,0,0,1,0,0,1,0,1,1,0,0,1,1,0,0,1,1,0,1,0,0,0,1,0,0,0,0,1,0,0,0,0,0,1,1,0,1,0,0,0,1,1,0,0,0,0,1,0,1,0,0,0,0,0,0,1,0,1,0,1,0,1,0,2535.28,0,0.0,2535.28
227.0,928.0,1856.0,0.0,0.0,1,1,35407.0,25,273,23,0.0,3,0,0.5227861619125291,0.474789872843861,1,0,0,0,0,0,0,1,0,1,0,1,0,1,0,0,1,0,1,1,0,1,0,1,0,0,0,1,0,0,0,0,1,0,0,0,0,0,1,1,0,1,0,0,1,0,1,0,0,0,0,1,0,1,0,0,0,0,0,1,0,1,0,0,1,0,1,0,2531.48,0,0.0,2531.48
4573.0,3226.0,6452.0,0.0,3000.0,8,5,27523.0,52,440,37,0.0,42,9,0.5784206356543359,0.5029479992381465,0,1,0,0,0,0,0,1,0,1,0,0,1,1,0,0,1,1,0,0,1,1,0,1,0,0,0,0,0,1,0,0,1,0,0,0,0,0,1,0,1,1,0,0,0,1,1,0,0,0,0,1,0,1,0,0,0,0,0,0,1,0,1,0,1,0,0,1,2522.44,0,0.0,2522.44
233.0,0.0,1949.0,0.0,2500.0,6,0,24964.0,68,173,14,0.0,3,0,0.2900439488134392,0.8115190171701063,1,0,0,0,0,0,0,1,0,1,0,1,0,1,0,1,0,1,0,1,0,1,0,1,0,0,0,1,0,0,0,0,1,0,0,0,0,0,1,1,0,0,1,1,0,0,1,0,0,0,0,1,0,1,0,0,0,0,0,1,0,1,0,0,0,1,1,0,2513.19,0,0.0,2513.19
227.0,0.0,1620.0,0.0,3000.0,3,1,35277.0,56,410,34,0.0,34,0,0.7512958373322476,0.4026040153380213,1,0,0,0,0,0,0,1,0,0,1,1,0,1,0,0,1,1,0,1,0,1,0,1,0,0,0,1,0,0,0,0,1,0,0,0,0,0,1,1,0,1,0,1,0,0,1,0,0,0,0,1,0,1,0,0,0,0,0,0,1,1,0,0,1,0,1,0,2474.59,0,0.0,2474.59
227.0,0.0,1620.0,0.0,0.0,1,2,30698.0,31,26,2,0.0,4,0,0.8574584997693045,0.1457055694749539,1,0,0,0,0,0,0,1,0,0,1,0,1,1,0,0,1,1,0,0,1,1,0,1,0,0,0,1,0,0,0,0,1,0,0,0,0,0,1,1,0,1,0,0,1,0,1,0,0,0,0,1,0,1,0,0,0,0,0,0,1,1,0,0,1,0,1,0,2461.42,0,0.0,2461.42
4528.0,796.0,6679.0,0.0,3500.0,6,2,33060.0,24,334,28,0.0,4,0,0.5227861619125291,0.474789872843861,1,0,0,0,0,0,0,1,0,0,1,1,0,1,0,0,1,0,1,0,1,1,0,1,0,0,0,0,1,0,0,0,1,0,0,0,0,0,1,1,0,1,0,0,1,0,1,0,0,0,0,1,0,0,1,0,0,0,0,1,0,1,0,0,1,0,1,0,2427.09,0,0.0,2427.09
965.0,251.0,1852.0,0.0,4500.0,4,4,28117.0,42,571,48,0.0,9,0,0.6699945688362681,0.4399257406099336,1,0,0,0,0,0,0,1,0,1,0,0,1,1,0,0,1,1,0,0,1,1,0,1,0,0,0,1,0,0,0,0,1,0,0,0,0,0,1,0,1,1,0,0,1,0,0,0,1,0,0,1,0,1,0,0,0,0,0,1,0,1,0,0,1,0,1,0,2405.18,0,0.0,2405.18
227.0,0.0,1620.0,0.0,0.0,5,0,32399.0,36,242,20,0.0,26,0,0.5227861619125291,0.474789872843861,1,0,0,0,0,0,0,1,0,1,0,1,0,1,0,0,1,1,0,0,1,1,0,1,0,0,0,0,1,0,0,0,1,0,0,0,0,0,1,1,0,1,0,0,0,1,1,0,0,0,0,1,0,1,0,0,0,0,0,0,1,1,0,0,1,0,1,0,2396.23,0,0.0,2396.23
303.0,1078.5,2157.0,0.0,4000.0,5,4,36506.0,56,350,29,0.0,41,0,0.832448468188524,0.8317881767659118,1,0,0,0,0,0,0,1,0,1,0,1,0,1,0,0,1,1,0,0,1,1,0,1,0,0,0,1,0,0,0,0,1,0,0,0,0,0,1,1,0,1,0,1,0,0,1,0,0,0,0,1,0,1,0,0,0,0,0,1,0,1,0,0,0,1,1,0,2369.27,0,0.0,2369.27
248.0,9.0,1625.0,0.0,0.0,9,8,41375.0,84,274,23,0.0,4,0,0.1031681836024431,0.1856946906969121,1,0,0,0,0,0,0,1,0,1,0,1,0,1,0,1,0,1,0,1,0,1,0,1,0,0,0,1,0,0,0,0,1,0,0,0,0,0,1,1,0,1,0,1,0,0,1,0,0,0,0,1,0,1,0,0,0,0,0,0,1,1,0,0,0,1,1,0,2364.58,0,0.0,2364.58
1711.0,508.0,2454.0,0.0,15000.0,10,8,41058.0,49,181,15,0.0,40,0,0.5227861619125291,0.474789872843861,1,0,0,0,0,0,0,1,0,1,0,0,1,1,0,0,1,1,0,0,1,1,0,1,0,0,0,0,1,0,0,0,1,0,0,0,0,1,0,0,1,1,0,0,0,1,0,1,0,0,0,1,0,1,0,0,0,0,0,1,0,1,0,0,1,0,1,0,2345.6,0,0.0,2345.6
5871.0,5375.0,5375.0,769.0,9000.0,3,7,29267.0,31,409,34,395.0,4,0,0.39393655073511,0.5807791872202437,0,1,0,0,0,0,0,1,0,1,0,1,0,1,0,0,1,0,1,1,0,1,0,1,0,0,0,0,1,0,0,0,1,0,0,0,0,0,1,1,0,1,0,0,1,0,1,0,0,0,0,1,0,0,0,1,0,0,0,1,0,1,0,0,1,0,1,0,2320.59,0,0.0,2320.59
227.0,0.0,1620.0,0.0,0.0,5,6,29753.0,31,123,10,0.0,1,0,0.9713858318825054,0.679476381577603,1,0,0,0,0,0,0,1,0,1,0,1,0,0,1,0,1,1,0,1,0,1,0,1,0,0,0,1,0,0,0,0,1,0,0,0,0,0,1,1,0,1,0,0,1,0,1,0,0,0,0,1,0,1,0,0,0,0,0,0,1,1,0,0,1,0,1,0,2318.54,0,0.0,2318.54
3603.0,624.0,2604.0,0.0,9000.0,7,8,31440.0,56,350,29,0.0,148,0,0.4007755038099996,0.0136588639141999,1,0,0,0,0,0,0,1,0,1,0,0,1,1,0,0,1,1,0,1,0,1,0,1,0,0,0,1,0,0,0,0,1,0,0,0,0,0,1,0,1,1,0,0,0,1,1,0,0,0,0,1,0,1,0,0,0,0,0,1,0,1,0,0,1,0,1,0,2274.77,0,0.0,2274.77
701.0,158.0,1739.0,0.0,0.0,4,0,28762.0,68,350,29,0.0,53,0,0.5535074680578694,0.4156831912790888,1,0,0,0,0,0,0,1,0,1,0,0,1,1,0,0,1,1,0,0,1,1,0,1,0,0,0,0,0,1,0,0,1,0,0,0,0,0,1,1,0,1,0,1,0,0,1,0,0,0,0,1,0,1,0,0,0,0,0,1,0,1,0,0,0,1,1,0,2274.72,0,0.0,2274.72
2205.0,72.0,2948.0,0.0,4500.0,12,12,37039.0,60,325,27,0.0,57,0,0.4924247722634065,0.9752281860688592,1,0,0,0,0,0,0,1,0,0,1,1,0,1,0,1,0,1,0,0,1,1,0,1,0,0,0,1,0,0,0,0,1,0,0,0,0,0,1,0,1,0,1,0,1,0,1,0,0,0,0,1,0,1,0,0,0,0,0,1,0,1,0,0,0,1,1,0,2264.9,0,0.0,2264.9
1013.0,136.0,4983.0,0.0,4000.0,6,2,32173.0,23,344,29,0.0,12,0,0.5227861619125291,0.474789872843861,0,1,0,0,0,0,0,1,0,0,1,1,0,1,0,0,1,0,1,0,1,1,0,1,0,0,0,1,0,0,0,0,1,0,0,0,0,0,1,1,0,1,0,0,0,1,1,0,0,0,0,1,0,1,0,0,0,0,0,0,1,1,0,0,1,0,1,0,2263.51,0,0.0,2263.51
703.0,894.0,1788.0,0.0,1500.0,4,12,29986.0,55,243,20,0.0,4,0,0.5227861619125291,0.474789872843861,1,0,0,0,0,0,0,1,0,1,0,1,0,1,0,1,0,1,0,1,0,1,0,1,0,0,0,1,0,0,0,0,1,0,0,0,0,0,1,0,1,0,1,0,1,0,1,0,0,0,0,1,0,1,0,0,0,0,0,0,1,1,0,0,1,0,1,0,2246.0,0,0.0,2246.0
732.0,171.0,2065.0,0.0,5000.0,9,15,29349.0,29,33,3,0.0,40,0,0.5227861619125291,0.474789872843861,1,0,0,0,0,0,0,1,0,0,1,0,1,0,1,0,1,1,0,1,0,1,0,1,0,0,0,1,0,0,0,0,1,0,0,0,0,1,0,0,1,1,0,0,1,0,1,0,0,0,0,1,0,1,0,0,0,0,0,0,1,1,0,0,1,0,1,0,2563.2,1,323.18,2240.02
227.0,0.0,1620.0,0.0,0.0,10,9,28481.0,43,229,19,0.0,4,0,0.5227861619125291,0.474789872843861,1,0,0,0,0,0,0,1,0,1,0,0,1,1,0,0,1,1,0,1,0,1,0,1,0,0,0,1,0,0,0,0,1,0,0,0,0,1,0,1,0,1,0,0,1,0,1,0,0,0,0,1,0,1,0,0,0,0,0,1,0,1,0,0,1,0,1,0,2214.6,0,0.0,2214.6
458.0,93.0,1641.0,0.0,6000.0,11,1,28517.0,23,5,0,0.0,2,0,0.5227861619125291,0.474789872843861,1,0,0,0,0,0,0,1,0,0,1,1,0,1,0,0,1,1,0,0,1,1,0,1,0,0,0,1,0,0,0,0,1,0,0,0,0,1,0,1,0,1,0,0,1,0,1,0,0,0,0,1,0,1,0,0,0,0,0,0,1,1,0,0,1,0,1,0,2172.65,0,0.0,2172.65
227.0,0.0,1620.0,0.0,0.0,1,2,30427.0,53,455,38,0.0,3,0,0.6912792056528895,0.8528936435141364,1,0,0,0,0,0,0,1,0,1,0,1,0,1,0,0,1,1,0,1,0,1,0,1,0,0,0,0,1,0,0,0,1,0,0,0,0,0,1,1,0,1,0,0,1,0,1,0,0,0,0,1,0,1,0,0,0,0,0,1,0,1,0,0,1,0,1,0,2169.72,0,0.0,2169.72
361.0,19.0,3771.0,1233.0,10000.0,4,3,30796.0,38,214,18,0.0,22,0,0.5227861619125291,0.474789872843861,0,0,1,0,0,0,0,1,0,0,1,1,0,1,0,0,1,0,1,1,0,1,0,1,0,0,0,1,0,0,0,0,1,0,0,0,0,1,0,1,0,1,0,0,1,0,1,0,0,0,0,1,0,1,0,0,0,0,0,0,1,1,0,0,1,0,1,0,2159.72,0,0.0,2159.72
7779.0,3087.0,3589.0,0.0,11000.0,8,6,29693.0,45,357,30,0.0,22,0,0.512981907802801,0.5558780270926413,1,0,0,0,0,0,0,1,0,1,0,1,0,1,0,0,1,1,0,1,0,1,0,1,0,0,0,0,1,0,0,0,0,1,0,0,0,0,1,1,0,1,0,0,0,1,0,1,0,0,0,0,1,0,0,0,1,0,0,1,0,1,0,0,1,0,1,0,2158.3,0,0.0,2158.3
497.0,104.0,1686.0,0.0,0.0,7,7,38219.0,37,326,27,0.0,1,0,0.8016954323123694,0.8246492424685014,1,0,0,0,0,0,0,1,0,0,1,1,0,1,0,0,1,1,0,1,0,1,0,1,0,0,0,1,0,0,0,0,1,0,0,0,0,0,1,1,0,1,0,0,1,0,1,0,0,0,0,1,0,1,0,0,0,0,0,0,1,1,0,0,1,0,1,0,2152.84,0,0.0,2152.84
290.0,845.5,1691.0,0.0,14000.0,4,3,32834.0,57,379,32,0.0,72,5,0.5123400448208668,0.8726655919012042,1,0,0,0,0,0,0,1,0,1,0,0,1,1,0,0,1,1,0,1,0,1,0,1,0,0,0,1,0,0,0,0,1,0,0,0,0,0,1,0,1,1,0,0,1,0,1,0,0,0,0,1,0,1,0,0,0,0,0,0,1,0,1,0,1,0,1,0,2150.42,0,0.0,2150.42
261.0,11.0,1712.0,0.0,9000.0,10,4,33938.0,21,242,20,0.0,59,0,0.5227861619125291,0.474789872843861,1,0,0,0,0,0,0,1,0,0,1,0,1,1,0,0,1,1,0,0,1,1,0,1,0,0,0,1,0,0,0,0,1,0,0,0,0,0,1,1,0,1,0,0,0,1,1,0,0,0,0,1,0,1,0,0,0,0,0,0,1,1,0,0,1,0,1,0,2128.61,0,0.0,2128.61
1197.0,126.0,5754.0,0.0,0.0,9,6,35141.0,50,472,39,0.0,163,0,0.5227861619125291,0.474789872843861,1,0,0,0,0,0,0,1,0,0,1,1,0,1,0,1,0,0,1,0,1,1,0,1,0,0,0,1,0,0,0,0,0,1,0,0,0,0,1,1,0,0,1,0,1,0,1,0,0,0,0,1,0,0,0,1,0,0,0,0,1,1,0,0,1,0,1,0,2120.08,0,0.0,2120.08
583.0,921.0,1842.0,0.0,5000.0,9,8,31131.0,53,190,16,0.0,48,0,0.684450150100669,0.9011903321842574,1,0,0,0,0,0,0,1,0,0,1,1,0,1,0,1,0,1,0,0,1,1,0,1,0,0,0,1,0,0,0,0,1,0,0,0,0,0,1,0,1,0,1,1,0,0,1,0,0,0,0,1,0,1,0,0,0,0,0,1,0,1,0,0,0,1,1,0,2119.04,0,0.0,2119.04
238.0,821.5,1643.0,0.0,0.0,8,6,32155.0,31,224,19,0.0,2,0,0.5227861619125291,0.474789872843861,1,0,0,0,0,0,0,1,0,1,0,1,0,1,0,0,1,1,0,1,0,1,0,1,0,0,0,1,0,0,0,0,1,0,0,0,0,1,0,1,0,1,0,0,1,0,1,0,0,0,0,1,0,1,0,0,0,0,0,0,1,1,0,0,1,0,1,0,2107.2,0,0.0,2107.2
241.0,0.0,1624.0,0.0,5000.0,9,8,35838.0,55,472,39,0.0,39,0,0.6511996898293511,0.5638033954799051,1,0,0,0,0,0,0,1,0,0,1,1,0,1,0,0,1,1,0,0,1,1,0,1,0,0,0,1,0,0,0,0,1,0,0,0,0,0,1,1,0,1,0,0,0,1,1,0,0,0,0,1,0,1,0,0,0,0,0,1,0,1,0,0,1,0,1,0,2100.49,0,0.0,2100.49
243.0,825.5,1651.0,0.0,750.0,9,8,49524.0,18,242,20,0.0,4,0,0.5227861619125291,0.474789872843861,1,0,0,0,0,0,0,1,0,0,1,1,0,1,0,0,1,1,0,1,0,1,0,1,0,0,0,1,0,0,0,0,1,0,0,0,0,0,1,1,0,1,0,1,0,0,1,0,0,0,0,1,0,1,0,0,0,0,0,1,0,1,0,0,1,0,1,0,2100.08,0,0.0,2100.08
2046.0,756.0,1674.0,0.0,0.0,6,0,32322.0,40,404,34,0.0,2,0,0.5227861619125291,0.474789872843861,1,0,0,0,0,0,0,1,0,1,0,1,0,1,0,0,1,1,0,0,1,1,0,1,0,0,0,0,0,0,1,0,0,0,0,0,1,0,1,1,0,1,0,0,0,1,0,0,0,0,1,1,0,1,0,0,0,0,0,1,0,1,0,0,1,0,1,0,2097.92,0,0.0,2097.92
707.0,956.0,1912.0,0.0,11000.0,10,4,35220.0,68,599,50,0.0,40,6,0.6349796944182751,0.6518145871950379,1,0,0,0,0,0,0,1,0,1,0,1,0,1,0,0,1,1,0,1,0,1,0,1,0,0,0,0,0,1,0,0,1,0,0,0,0,0,1,1,0,1,0,1,0,0,1,0,0,0,0,1,0,1,0,0,0,0,0,0,1,0,1,0,1,0,1,0,2095.59,0,0.0,2095.59
4783.0,826.0,3863.0,0.0,0.0,10,8,31264.0,76,539,45,0.0,25,0,0.3183563599201868,0.0333730924397468,1,0,0,0,0,0,0,1,0,1,0,1,0,1,0,1,0,1,0,0,1,1,0,1,0,0,0,0,1,0,0,0,1,0,0,0,0,0,1,1,0,1,0,1,0,0,1,0,0,0,0,1,0,1,0,0,0,0,0,0,1,1,0,0,1,0,1,0,2094.79,0,0.0,2094.79
566.0,0.0,2390.0,892.0,12000.0,2,4,37871.0,41,338,28,0.0,89,6,0.7719339461169684,0.9464874325602004,0,0,0,1,0,0,0,1,0,1,0,1,0,1,0,0,1,0,1,1,0,1,0,1,0,0,0,1,0,0,0,0,1,0,0,0,0,0,1,1,0,1,0,0,0,1,0,1,0,0,0,1,0,1,0,0,0,0,0,0,1,0,1,0,1,0,1,0,2093.41,0,0.0,2093.41
26728.0,191.0,20800.0,0.0,0.0,5,8,37959.0,49,264,22,0.0,4,0,0.8102472210330656,0.286789017177491,1,0,0,0,0,0,0,1,0,1,0,1,0,1,0,0,1,1,0,0,1,1,0,1,0,0,0,0,0,1,0,0,0,1,0,0,0,0,1,0,1,1,0,0,0,1,0,0,0,1,0,1,0,1,0,0,0,0,0,1,0,1,0,0,1,0,0,1,2091.41,0,0.0,2091.41
6956.0,1504.0,4660.0,0.0,9000.0,8,0,32957.0,68,671,56,0.0,41,0,0.5227861619125291,0.474789872843861,1,0,0,0,0,0,0,0,1,0,1,0,1,1,0,0,1,1,0,0,1,0,1,1,0,0,0,0,1,0,0,0,1,0,0,0,0,0,1,0,1,1,0,1,0,0,1,0,0,0,0,1,0,0,0,1,0,0,0,1,0,1,0,0,0,1,1,0,2083.12,0,0.0,2083.12
514.0,90.0,1729.0,0.0,750.0,8,6,26769.0,19,104,9,0.0,3,0,0.5227861619125291,0.474789872843861,1,0,0,0,0,0,0,1,0,0,1,0,1,1,0,0,1,1,0,1,0,1,0,1,0,0,0,1,0,0,0,0,1,0,0,0,0,0,1,1,0,1,0,1,0,0,1,0,0,0,0,1,0,1,0,0,0,0,0,0,1,1,0,0,1,0,1,0,2078.75,0,0.0,2078.75
1442.0,1259.0,2518.0,0.0,15000.0,8,2,30359.0,22,83,7,0.0,49,0,0.1893443777047042,0.0765125209898861,1,0,0,0,0,0,0,1,0,0,1,1,0,1,0,0,1,1,0,0,1,1,0,1,0,0,0,1,0,0,0,0,1,0,0,0,0,0,1,1,0,1,0,0,1,0,1,0,0,0,0,1,0,1,0,0,0,0,0,1,0,1,0,0,1,0,1,0,2076.89,0,0.0,2076.89
867.0,903.0,1806.0,0.0,15000.0,7,9,35029.0,39,220,18,0.0,18,0,0.0474270007996298,0.4738921075601991,1,0,0,0,0,0,0,1,0,1,0,1,0,1,0,0,1,1,0,0,1,1,0,1,0,0,0,1,0,0,0,0,1,0,0,0,0,0,1,1,0,1,0,0,1,0,0,0,1,0,0,1,0,1,0,0,0,0,0,0,1,1,0,0,1,0,1,0,2073.88,0,0.0,2073.88
372.0,0.0,1620.0,0.0,0.0,1,8,33266.0,23,0,0,0.0,1,0,0.5652533151716789,0.261400532090873,1,0,0,0,0,0,0,0,1,0,1,1,0,1,0,0,1,0,1,0,1,1,0,1,0,0,1,0,0,0,0,0,1,0,0,0,0,0,1,1,0,1,0,0,1,0,1,0,0,0,0,1,0,1,0,0,0,0,0,1,0,1,0,0,1,0,1,0,2064.73,0,0.0,2064.73
3725.0,41.0,4455.0,41.0,3500.0,3,2,33332.0,55,563,47,0.0,38,0,0.5227861619125291,0.474789872843861,0,1,0,0,0,0,0,1,0,0,1,1,0,1,0,0,1,0,1,0,1,1,0,1,0,0,0,0,1,0,0,0,1,0,0,0,0,0,1,1,0,1,0,0,1,0,1,0,0,0,0,1,0,1,0,0,0,0,0,1,0,1,0,0,1,0,1,0,2062.94,0,0.0,2062.94
227.0,810.0,1620.0,0.0,0.0,5,6,25603.0,44,273,23,0.0,2,0,0.5227861619125291,0.3630414002879369,1,0,0,0,0,0,0,1,0,1,0,1,0,1,0,0,1,1,0,1,0,1,0,1,0,0,1,0,0,0,0,0,1,0,0,0,0,0,1,1,0,1,0,0,0,1,0,1,0,0,0,1,0,1,0,0,0,0,0,0,1,1,0,0,1,0,1,0,2047.17,0,0.0,2047.17
4851.0,803.0,5465.0,1307.0,13000.0,9,4,37604.0,46,306,26,0.0,115,0,0.5227861619125291,0.474789872843861,0,0,1,0,0,0,0,1,0,0,1,1,0,1,0,0,1,0,1,0,1,1,0,1,0,0,0,0,1,0,0,0,1,0,0,0,0,0,1,0,1,1,0,0,1,0,1,0,0,0,0,1,0,1,0,0,0,0,0,0,1,1,0,0,1,0,1,0,2040.73,0,0.0,2040.73
227.0,0.0,1620.0,0.0,0.0,4,6,22576.0,18,1,0,0.0,4,0,0.5227861619125291,0.474789872843861,1,0,0,0,0,0,0,1,0,0,1,0,1,1,0,0,1,1,0,1,0,1,0,1,0,0,1,0,0,0,0,0,1,0,0,0,0,1,0,1,0,1,0,1,0,0,1,0,0,0,0,1,0,1,0,0,0,0,0,1,0,1,0,0,1,0,1,0,2034.12,0,0.0,2034.12
1590.0,71.0,2824.0,0.0,2500.0,2,6,31928.0,65,350,29,0.0,58,0,0.343388542857287,0.0700607149615739,1,0,0,0,0,0,0,1,0,1,0,0,1,1,0,0,1,1,0,0,1,1,0,1,0,0,0,0,1,0,0,0,1,0,0,0,0,0,1,1,0,1,0,1,0,0,1,0,0,0,0,1,0,1,0,0,0,0,0,1,0,1,0,0,0,1,1,0,2030.45,0,0.0,2030.45
227.0,0.0,1620.0,0.0,0.0,5,4,32155.0,20,205,17,0.0,4,0,0.5364516645033821,0.2448521434715957,1,0,0,0,0,0,0,1,0,1,0,1,0,1,0,0,1,1,0,1,0,1,0,1,0,0,0,1,0,0,0,0,1,0,0,0,0,0,1,1,0,1,0,1,0,0,1,0,0,0,0,1,0,1,0,0,0,0,0,1,0,1,0,0,1,0,1,0,2029.29,0,0.0,2029.29
302.0,847.0,1694.0,0.0,3000.0,3,2,22797.0,51,55,5,0.0,13,0,0.5227861619125291,0.474789872843861,1,0,0,0,0,0,0,1,0,1,0,0,1,1,0,0,1,1,0,0,1,1,0,1,0,0,0,1,0,0,0,0,1,0,0,0,0,1,0,1,0,1,0,0,1,0,1,0,0,0,0,1,0,1,0,0,0,0,0,0,1,1,0,0,1,0,1,0,2026.1,0,0.0,2026.1
1665.0,603.0,1942.0,0.0,0.0,8,2,31771.0,44,122,10,0.0,4,0,0.332876868001405,0.4401841697594864,1,0,0,0,0,0,0,1,0,0,1,0,1,1,0,0,1,1,0,0,1,1,0,1,0,0,0,0,1,0,0,0,1,0,0,0,0,0,1,1,0,1,0,0,0,1,0,1,0,0,0,1,0,1,0,0,0,0,0,1,0,1,0,0,1,0,1,0,2023.59,0,0.0,2023.59
755.0,118.0,1847.0,0.0,0.0,8,9,26094.0,44,431,36,0.0,4,6,0.163473009573587,0.1245155737093997,1,0,0,0,0,0,0,1,0,1,0,1,0,1,0,1,0,1,0,0,1,1,0,1,0,0,0,1,0,0,0,0,1,0,0,0,0,0,1,1,0,0,1,0,1,0,0,1,0,0,0,1,0,1,0,0,0,0,0,1,0,0,1,0,1,0,1,0,2020.42,0,0.0,2020.42
3020.0,0.0,8200.0,1708.0,15000.0,5,5,35153.0,39,116,10,0.0,13,0,0.6727816300060676,0.8863167531234725,0,0,0,1,0,0,0,1,0,0,1,1,0,1,0,0,1,1,0,0,1,1,0,1,0,0,0,1,0,0,0,0,0,0,1,0,0,0,1,1,0,1,0,0,0,1,0,1,0,0,0,1,0,1,0,0,0,0,0,1,0,1,0,0,1,0,1,0,2017.24,0,0.0,2017.24
356.0,844.0,1688.0,0.0,0.0,7,0,29463.0,36,484,40,0.0,2,0,0.5227861619125291,0.474789872843861,1,0,0,0,0,0,0,1,0,1,0,1,0,1,0,0,1,1,0,1,0,1,0,1,0,0,0,1,0,0,0,0,1,0,0,0,0,0,1,1,0,1,0,0,0,1,1,0,0,0,0,1,0,1,0,0,0,0,0,0,1,1,0,0,1,0,1,0,2013.38,0,0.0,2013.38
234.0,0.0,1635.0,0.0,0.0,5,2,26606.0,50,671,56,0.0,4,0,0.7422185476140095,0.4525651696789789,1,0,0,0,0,0,0,1,0,1,0,0,1,1,0,0,1,1,0,0,1,1,0,1,0,0,0,1,0,0,0,0,0,1,0,0,0,0,1,1,0,1,0,0,0,1,1,0,0,0,0,1,0,1,0,0,0,0,0,1,0,1,0,0,1,0,1,0,2008.14,0,0.0,2008.14
1327.0,460.0,1844.0,0.0,1500.0,1,9,32481.0,43,166,14,0.0,20,0,0.8997708518921145,0.4383991321425651,1,0,0,0,0,0,0,1,0,1,0,1,0,1,0,0,1,1,0,0,1,1,0,1,0,0,0,1,0,0,0,0,1,0,0,0,0,0,1,1,0,1,0,0,0,1,0,0,0,0,1,1,0,1,0,0,0,0,0,0,1,1,0,0,1,0,1,0,2005.92,0,0.0,2005.92
25432.0,5395.0,29577.0,0.0,2500.0,2,6,32519.0,72,386,32,0.0,16,0,0.5227861619125291,0.474789872843861,1,0,0,0,0,0,0,1,0,1,0,0,1,1,0,0,1,0,1,1,0,1,0,1,0,0,0,0,0,1,0,0,1,0,0,0,0,0,1,1,0,1,0,1,0,0,1,0,0,0,0,1,0,1,0,0,0,0,0,0,1,1,0,0,1,0,1,0,2005.85,0,0.0,2005.85
350.0,35.0,1683.0,0.0,2500.0,7,6,28813.0,64,379,32,0.0,102,0,0.5227861619125291,0.474789872843861,1,0,0,0,0,0,0,1,0,1,0,1,0,1,0,1,0,1,0,1,0,1,0,1,0,0,0,1,0,0,0,0,1,0,0,0,0,0,1,0,1,0,1,0,1,0,1,0,0,0,0,1,0,1,0,0,0,0,0,0,1,1,0,0,0,1,1,0,2003.35,0,0.0,2003.35
1359.0,467.0,2395.0,0.0,12500.0,5,10,18045.0,34,184,15,0.0,13,0,0.5227861619125291,0.474789872843861,1,0,0,0,0,0,0,1,0,0,1,1,0,1,0,1,0,1,0,0,1,1,0,1,0,0,0,1,0,0,0,0,1,0,0,0,0,0,1,0,1,0,1,0,1,0,1,0,0,0,0,1,0,1,0,0,0,0,0,1,0,1,0,0,1,0,1,0,1998.85,0,0.0,1998.85
227.0,1503.0,3006.0,0.0,0.0,9,4,37566.0,38,100,8,0.0,4,0,0.5227861619125291,0.474789872843861,1,0,0,0,0,0,0,1,0,1,0,1,0,1,0,0,1,1,0,1,0,1,0,1,0,0,0,1,0,0,0,0,1,0,0,0,0,1,0,0,1,1,0,0,0,1,1,0,0,0,0,1,0,1,0,0,0,0,0,1,0,1,0,0,1,0,1,0,1993.47,0,0.0,1993.47
252.0,0.0,2383.0,0.0,2500.0,1,8,29721.0,26,59,5,0.0,50,0,0.5227861619125291,0.474789872843861,1,0,0,0,0,0,0,1,0,1,0,1,0,1,0,0,1,1,0,1,0,1,0,1,0,0,0,1,0,0,0,0,1,0,0,0,0,0,1,0,1,1,0,0,0,1,0,0,0,1,0,1,0,1,0,0,0,0,0,0,1,1,0,0,1,0,1,0,2182.84,1,190.71,1992.13
227.0,0.0,1620.0,0.0,0.0,5,0,29702.0,53,273,23,1682.0,3,0,0.5227861619125291,0.474789872843861,1,0,0,0,0,0,0,1,0,1,0,1,0,1,0,0,1,1,0,1,0,1,0,1,0,0,1,0,0,0,0,0,1,0,0,0,0,0,1,1,0,1,0,0,0,1,1,0,0,0,0,1,0,0,1,0,0,0,0,0,1,1,0,0,1,0,1,0,1989.66,0,0.0,1989.66
2280.0,1949.0,1949.0,0.0,0.0,11,9,27725.0,45,242,20,0.0,4,0,0.5154147632829611,0.9234939979653016,1,0,0,0,0,0,0,1,0,1,0,1,0,1,0,1,0,1,0,1,0,1,0,1,0,0,0,1,0,0,0,0,1,0,0,0,0,0,1,1,0,0,1,0,1,0,0,1,0,0,0,1,0,1,0,0,0,0,0,0,1,1,0,0,1,0,1,0,1988.76,0,0.0,1988.76
266.0,852.5,1705.0,0.0,0.0,7,9,27534.0,49,179,15,0.0,3,0,0.5227861619125291,0.474789872843861,1,0,0,0,0,0,0,1,0,1,0,0,1,1,0,1,0,1,0,0,1,1,0,1,0,0,0,1,0,0,0,0,1,0,0,0,0,1,0,1,0,0,1,0,1,0,1,0,0,0,0,1,0,0,1,0,0,0,0,1,0,1,0,0,1,0,1,0,2207.2,1,220.17,1987.0299999999997
227.0,0.0,1620.0,19.0,0.0,5,2,41523.0,41,51,4,0.0,4,0,0.5227861619125291,0.474789872843861,0,1,0,0,0,0,0,1,0,1,0,1,0,1,0,0,1,0,1,1,0,1,0,1,0,0,0,1,0,0,0,0,1,0,0,0,0,1,0,1,0,1,0,0,0,1,1,0,0,0,0,1,0,1,0,0,0,0,0,0,1,1,0,0,1,0,1,0,1986.54,0,0.0,1986.54
227.0,0.0,1620.0,0.0,0.0,1,6,37238.0,70,273,23,0.0,3,0,0.5227861619125291,0.5439365201524821,1,0,0,0,0,0,0,1,0,1,0,1,0,1,0,0,1,1,0,1,0,1,0,1,0,0,1,0,0,0,0,0,1,0,0,0,0,0,1,1,0,1,0,1,0,0,1,0,0,0,0,1,0,1,0,0,0,0,0,1,0,1,0,0,0,1,1,0,1983.65,0,0.0,1983.65
290.0,2.0,1636.0,0.0,0.0,5,4,49059.0,63,356,30,0.0,4,0,0.5227861619125291,0.474789872843861,1,0,0,0,0,0,0,1,0,1,0,0,1,1,0,0,1,1,0,1,0,1,0,1,0,0,0,1,0,0,0,0,1,0,0,0,0,0,1,1,0,1,0,1,0,0,1,0,0,0,0,1,0,1,0,0,0,0,0,1,0,1,0,0,0,1,1,0,2224.92,1,243.82,1981.1000000000001
3587.0,2449.5,4899.0,0.0,13000.0,9,2,30170.0,57,487,41,9560.0,162,0,0.6867372645820035,0.4631843395217858,1,0,0,0,0,0,0,1,0,0,1,0,1,1,0,0,1,0,1,0,1,0,1,1,0,0,0,0,1,0,0,0,1,0,0,0,0,0,1,0,1,1,0,0,0,1,1,0,0,0,0,1,0,0,1,0,0,0,0,1,0,1,0,0,1,0,1,0,1977.41,0,0.0,1977.41
228.0,0.0,2394.0,0.0,0.0,4,1,35323.0,23,155,13,0.0,1,0,0.1038689425959856,0.4703783391356354,1,0,0,0,0,0,0,1,0,0,1,1,0,1,0,0,1,1,0,0,1,1,0,1,0,0,0,1,0,0,0,0,1,0,0,0,0,0,1,1,0,1,0,0,1,0,1,0,0,0,0,1,0,1,0,0,0,0,0,1,0,1,0,0,1,0,1,0,1976.56,0,0.0,1976.56
227.0,0.0,1620.0,0.0,0.0,3,12,26462.0,25,66,6,0.0,2,0,0.5227861619125291,0.474789872843861,1,0,0,0,0,0,0,1,0,0,1,0,1,1,0,0,1,1,0,0,1,1,0,1,0,0,0,1,0,0,0,0,0,1,0,0,0,0,1,1,0,1,0,0,1,0,1,0,0,0,0,1,0,1,0,0,0,0,0,1,0,1,0,0,1,0,1,0,1972.47,0,0.0,1972.47
266.0,14.0,1769.0,0.0,11000.0,3,1,32734.0,45,339,28,0.0,37,0,0.643780148174572,0.4470839237443768,1,0,0,0,0,0,0,1,0,0,1,1,0,1,0,0,1,1,0,0,1,1,0,1,0,0,0,1,0,0,0,0,1,0,0,0,0,0,1,1,0,1,0,0,1,0,0,1,0,0,0,1,0,1,0,0,0,0,0,0,1,1,0,0,1,0,1,0,1971.61,0,0.0,1971.61
2787.0,1076.0,2041.0,0.0,0.0,7,9,42801.0,55,125,10,0.0,1,0,0.9717057994230456,0.9232440078783052,1,0,0,0,0,0,0,1,0,1,0,1,0,1,0,0,1,1,0,1,0,1,0,1,0,0,0,1,0,0,0,0,1,0,0,0,0,0,1,1,0,1,0,0,0,1,1,0,0,0,0,1,0,1,0,0,0,0,0,1,0,1,0,0,1,0,1,0,1971.21,0,0.0,1971.21
227.0,0.0,1620.0,0.0,0.0,3,9,32969.0,51,273,23,0.0,4,0,0.5227861619125291,0.474789872843861,1,0,0,0,0,0,0,1,0,1,0,1,0,1,0,0,1,1,0,1,0,1,0,1,0,0,1,0,0,0,0,0,1,0,0,0,0,0,1,1,0,1,0,0,1,0,1,0,0,0,0,1,0,1,0,0,0,0,0,1,0,1,0,0,1,0,1,0,1971.1,0,0.0,1971.1
419.0,845.0,1690.0,0.0,0.0,7,1,38005.0,48,330,28,0.0,3,0,0.5227861619125291,0.474789872843861,1,0,0,0,0,0,0,1,0,1,0,0,1,1,0,0,1,1,0,0,1,1,0,1,0,0,0,1,0,0,0,0,1,0,0,0,0,0,1,1,0,1,0,0,0,1,1,0,0,0,0,1,0,1,0,0,0,0,0,1,0,1,0,0,1,0,1,0,1969.77,0,0.0,1969.77
1343.0,374.0,1816.0,0.0,0.0,8,2,47325.0,67,263,22,0.0,4,0,0.1608190765654087,0.2517728856457295,1,0,0,0,0,0,0,1,0,1,0,1,0,1,0,1,0,1,0,1,0,1,0,1,0,0,0,1,0,0,0,0,1,0,0,0,0,0,1,1,0,1,0,1,0,0,1,0,0,0,0,1,0,1,0,0,0,0,0,0,1,1,0,0,0,1,1,0,1968.74,0,0.0,1968.74
10455.0,70.0,14734.0,225.0,9500.0,10,6,36016.0,54,623,52,0.0,47,8,0.5738759364617423,0.2917545731642291,0,1,0,0,0,0,0,0,1,0,1,0,1,1,0,0,1,0,1,0,1,1,0,1,0,0,0,0,0,1,0,0,1,0,0,0,0,0,1,0,1,1,0,0,1,0,1,0,0,0,0,1,0,1,0,0,0,0,0,0,1,0,1,0,1,0,0,1,1968.34,0,0.0,1968.34
2070.0,17.0,3046.0,0.0,2500.0,4,7,31981.0,46,325,27,1682.0,157,0,0.2089159161212177,0.4442732209623253,1,0,0,0,0,0,0,1,0,0,1,1,0,1,0,1,0,1,0,0,1,0,1,1,0,0,0,0,0,1,0,0,1,0,0,0,0,0,1,0,1,0,1,0,1,0,0,1,0,0,0,1,0,0,0,0,0,1,0,0,1,1,0,0,1,0,1,0,1967.79,0,0.0,1967.79
422.0,32.0,1667.0,0.0,0.0,6,5,32937.0,50,255,21,0.0,30,0,0.5227861619125291,0.474789872843861,1,0,0,0,0,0,0,1,0,0,1,1,0,1,0,1,0,1,0,0,1,1,0,1,0,0,0,1,0,0,0,0,1,0,0,0,0,0,1,1,0,1,0,1,0,0,1,0,0,0,0,1,0,1,0,0,0,0,0,0,1,1,0,0,1,0,1,0,1965.75,0,0.0,1965.75
227.0,0.0,1620.0,0.0,0.0,2,7,23434.0,38,99,8,0.0,4,0,0.5227861619125291,0.474789872843861,1,0,0,0,0,0,0,1,0,1,0,0,1,1,0,1,0,1,0,1,0,1,0,1,0,0,0,1,0,0,0,0,1,0,0,0,0,0,1,1,0,0,1,0,1,0,0,0,0,1,0,1,0,1,0,0,0,0,0,1,0,1,0,0,1,0,1,0,1965.06,0,0.0,1965.06
638.0,132.0,1787.0,0.0,4000.0,7,5,37426.0,31,397,33,0.0,4,0,0.5227861619125291,0.474789872843861,1,0,0,0,0,0,0,1,0,1,0,1,0,1,0,0,1,1,0,1,0,1,0,1,0,0,0,1,0,0,0,0,1,0,0,0,0,0,1,0,1,1,0,0,1,0,1,0,0,0,0,1,0,1,0,0,0,0,0,0,1,1,0,0,1,0,1,0,1964.19,0,0.0,1964.19
1419.0,281.0,2522.0,0.0,15000.0,7,17,26018.0,38,287,24,0.0,40,0,0.5438120816464104,0.781731614966525,1,0,0,0,0,0,0,1,0,0,1,0,1,1,0,1,0,1,0,0,1,1,0,1,0,0,0,1,0,0,0,0,1,0,0,0,0,0,1,0,1,0,1,0,1,0,0,0,0,1,0,1,0,1,0,0,0,0,0,1,0,1,0,0,1,0,1,0,1959.91,0,0.0,1959.91
609.0,38.0,5793.0,210.0,4500.0,4,6,34545.0,43,179,15,0.0,100,7,0.2400355760113368,0.5328282662270157,0,1,0,0,0,0,0,1,0,0,1,1,0,0,1,0,1,0,1,0,1,1,0,1,0,0,0,1,0,0,0,0,1,0,0,0,0,0,1,1,0,1,0,0,1,0,0,1,0,0,0,1,0,0,1,0,0,0,0,0,1,0,1,0,1,0,1,0,1959.68,0,0.0,1959.68
227.0,810.0,1620.0,0.0,0.0,0,8,27158.0,46,273,23,0.0,3,0,0.5227861619125291,0.5789040350511543,1,0,0,0,0,0,0,1,0,1,0,0,1,1,0,0,1,0,1,1,0,1,0,1,0,0,0,1,0,0,0,0,1,0,0,0,0,0,1,1,0,1,0,0,0,1,1,0,0,0,0,1,0,0,1,0,0,0,0,0,1,1,0,0,1,0,1,0,1959.4,0,0.0,1959.4
4294.0,618.0,5440.0,703.0,15000.0,2,2,34906.0,53,563,47,0.0,118,0,0.849339787825369,0.6093144785796789,0,1,0,0,0,0,0,1,0,0,1,1,0,1,0,0,1,0,1,0,1,0,1,1,0,0,0,0,1,0,0,0,1,0,0,0,0,0,1,0,1,1,0,0,0,1,1,0,0,0,0,1,0,0,1,0,0,0,0,1,0,1,0,0,1,0,1,0,1958.6,0,0.0,1958.6
2067.0,311.0,2051.0,0.0,0.0,7,9,41529.0,71,278,23,0.0,4,0,0.5227861619125291,0.474789872843861,1,0,0,0,0,0,0,1,0,1,0,0,1,1,0,1,0,1,0,1,0,1,0,1,0,0,0,1,0,0,0,0,1,0,0,0,0,0,1,1,0,0,1,1,0,0,1,0,0,0,0,1,0,1,0,0,0,0,0,0,1,1,0,0,0,1,1,0,1958.22,0,0.0,1958.22
23268.0,543.0,20942.0,0.0,7000.0,3,8,26936.0,70,384,32,0.0,4,0,0.3363493243613206,0.4133795243230965,1,0,0,0,0,0,0,1,0,1,0,1,0,1,0,0,1,0,1,0,1,1,0,1,0,0,0,0,0,1,0,0,1,0,0,0,0,0,1,1,0,1,0,1,0,0,1,0,0,0,0,1,0,1,0,0,0,0,0,1,0,1,0,0,0,1,0,1,1956.18,0,0.0,1956.18
8622.0,3518.0,3014.0,0.0,0.0,6,3,27090.0,79,324,27,0.0,33,0,0.2928878969256611,0.7889283756723119,1,0,0,0,0,0,0,1,0,1,0,1,0,1,0,1,0,1,0,1,0,1,0,1,0,0,0,0,1,0,0,0,1,0,0,0,0,0,1,1,0,1,0,1,0,0,1,0,0,0,0,1,0,1,0,0,0,0,0,0,1,1,0,0,0,1,1,0,1955.83,0,0.0,1955.83
6092.0,2100.0,3137.0,0.0,0.0,6,8,37460.0,44,431,36,0.0,2,8,0.4199805506885233,0.6683204958867296,1,0,0,0,0,0,0,1,0,1,0,0,1,1,0,1,0,1,0,0,1,1,0,1,0,0,0,0,1,0,0,0,1,0,0,0,0,0,1,1,0,0,1,0,1,0,1,0,0,0,0,1,0,1,0,0,0,0,0,0,1,0,1,0,1,0,1,0,1954.68,0,0.0,1954.68
861.0,0.0,2426.0,0.0,0.0,9,2,35590.0,53,103,9,0.0,3,0,0.1349908226049467,0.4591282990076008,1,0,0,0,0,0,0,1,0,1,0,0,1,1,0,0,1,1,0,0,1,1,0,1,0,0,0,1,0,0,0,0,1,0,0,0,0,0,1,1,0,1,0,0,1,0,1,0,0,0,0,1,0,1,0,0,0,0,0,0,1,1,0,0,1,0,0,1,1951.28,0,0.0,1951.28
839.0,230.0,2049.0,0.0,4000.0,7,8,35205.0,22,287,24,0.0,52,0,0.5227861619125291,0.474789872843861,1,0,0,0,0,0,0,1,0,0,1,1,0,1,0,0,1,1,0,1,0,1,0,1,0,0,0,1,0,0,0,0,1,0,0,0,0,0,1,1,0,1,0,0,1,0,1,0,0,0,0,1,0,1,0,0,0,0,0,0,1,1,0,0,1,0,1,0,1948.91,0,0.0,1948.91
227.0,0.0,1620.0,0.0,0.0,3,5,29858.0,49,273,23,0.0,4,0,0.5227861619125291,0.304716384601904,1,0,0,0,0,0,0,1,0,1,0,1,0,1,0,0,1,1,0,1,0,1,0,1,0,0,1,0,0,0,0,0,1,0,0,0,0,0,1,1,0,1,0,0,1,0,1,0,0,0,0,1,0,1,0,0,0,0,0,1,0,1,0,0,1,0,1,0,1947.37,0,0.0,1947.37
461.0,19.0,3422.0,1199.0,7000.0,5,0,26323.0,33,374,31,0.0,69,6,0.5184657368330572,0.4639337410523091,0,0,0,1,0,0,0,1,0,0,1,0,1,1,0,0,1,0,1,0,1,1,0,1,0,0,0,1,0,0,0,0,1,0,0,0,0,0,1,0,1,1,0,0,0,1,0,0,1,0,0,1,0,1,0,0,0,0,0,0,1,0,1,0,1,0,1,0,1943.17,0,0.0,1943.17
636.0,0.0,2161.0,0.0,4000.0,9,9,33862.0,67,324,27,0.0,51,0,0.9522290083860668,0.9622129334131002,1,0,0,0,0,0,0,1,0,1,0,1,0,1,0,0,1,1,0,0,1,1,0,1,0,0,0,0,1,0,0,0,1,0,0,0,0,0,1,0,1,1,0,1,0,0,1,0,0,0,0,1,0,1,0,0,0,0,0,0,1,1,0,0,0,1,0,1,1938.74,0,0.0,1938.74
319.0,34.0,1639.0,0.0,0.0,5,9,28543.0,59,671,56,0.0,3,0,0.5173726415399641,0.0436347177087939,1,0,0,0,0,0,0,1,0,1,0,1,0,1,0,0,1,1,0,1,0,1,0,1,0,0,0,1,0,0,0,0,1,0,0,0,0,0,1,1,0,1,0,1,0,0,1,0,0,0,0,1,0,1,0,0,0,0,0,1,0,1,0,0,0,1,1,0,1938.34,0,0.0,1938.34
13708.0,1089.0,11326.0,0.0,0.0,8,1,28746.0,76,671,56,0.0,33,0,0.5227861619125291,0.474789872843861,1,0,0,0,0,0,0,1,0,1,0,1,0,1,0,1,0,1,0,0,1,1,0,1,0,0,0,0,0,1,0,0,1,0,0,0,0,0,1,1,0,1,0,1,0,0,1,0,0,0,0,1,0,1,0,0,0,0,0,0,1,1,0,0,1,0,0,1,1937.33,0,0.0,1937.33
272.0,19.0,1628.0,0.0,0.0,5,8,33399.0,38,55,5,0.0,3,0,0.5227861619125291,0.474789872843861,1,0,0,0,0,0,0,1,0,1,0,1,0,1,0,0,1,1,0,1,0,1,0,1,0,0,0,1,0,0,0,0,1,0,0,0,0,0,1,1,0,1,0,0,1,0,1,0,0,0,0,1,0,1,0,0,0,0,0,1,0,1,0,0,1,0,1,0,1935.17,0,0.0,1935.17
1625.0,2969.5,5939.0,0.0,10000.0,6,3,42888.0,54,381,32,0.0,49,8,0.6747841151006757,0.8610027042285457,0,0,0,0,1,0,0,1,0,0,1,1,0,1,0,0,1,0,1,0,1,0,1,1,0,0,0,1,0,0,0,0,1,0,0,0,0,0,1,0,1,1,0,0,0,1,0,1,0,0,0,1,0,0,0,0,0,0,1,1,0,0,1,0,1,0,1,0,1934.06,0,0.0,1934.06
519.0,40.0,1652.0,0.0,0.0,8,6,32155.0,51,340,28,0.0,4,0,0.5237851435175702,0.6556108193499467,1,0,0,0,0,0,0,1,0,1,0,0,1,1,0,0,1,0,1,0,1,1,0,1,0,0,0,1,0,0,0,0,1,0,0,0,0,0,1,1,0,1,0,0,0,1,0,1,0,0,0,1,0,1,0,0,0,0,0,0,1,1,0,0,1,0,1,0,1933.92,0,0.0,1933.92
227.0,0.0,1620.0,0.0,0.0,7,4,29251.0,51,118,10,0.0,2,0,0.3618765031986835,0.1912351614907885,1,0,0,0,0,0,0,1,0,1,0,1,0,1,0,0,1,1,0,0,1,1,0,1,0,0,0,1,0,0,0,0,1,0,0,0,0,0,1,1,0,1,0,0,0,1,1,0,0,0,0,1,0,1,0,0,0,0,0,1,0,1,0,0,1,0,1,0,1932.13,0,0.0,1932.13
927.0,193.0,8747.0,0.0,3000.0,6,5,23132.0,23,129,11,0.0,4,6,0.0685238307473314,0.5997306905737101,0,1,0,0,0,0,0,1,0,0,1,1,0,1,0,0,1,0,1,0,1,0,1,1,0,0,0,1,0,0,0,0,0,1,0,0,0,0,1,1,0,1,0,0,0,1,1,0,0,0,0,1,0,0,1,0,0,0,0,0,1,0,1,0,1,0,1,0,1932.03,0,0.0,1932.03
8794.0,922.0,7984.0,0.0,0.0,6,0,31648.0,61,273,23,0.0,4,0,0.4577104329874371,0.4537320905345412,1,0,0,0,0,0,0,1,0,1,0,0,1,1,0,1,0,1,0,1,0,1,0,1,0,0,0,0,1,0,0,0,1,0,0,0,0,0,1,1,0,0,1,1,0,0,1,0,0,0,0,1,0,1,0,0,0,0,0,0,1,1,0,0,0,1,1,0,1931.74,0,0.0,1931.74
227.0,0.0,2754.0,0.0,0.0,12,6,29707.0,45,336,28,0.0,4,0,0.5227861619125291,0.474789872843861,1,0,0,0,0,0,0,1,0,0,1,1,0,1,0,0,1,1,0,1,0,1,0,1,0,0,0,1,0,0,0,0,1,0,0,0,0,0,1,0,1,1,0,0,1,0,1,0,0,0,0,1,0,1,0,0,0,0,0,1,0,1,0,0,1,0,1,0,1930.48,0,0.0,1930.48
227.0,810.0,1620.0,0.0,1500.0,5,9,23614.0,31,228,19,0.0,4,0,0.5227861619125291,0.474789872843861,1,0,0,0,0,0,0,1,0,0,1,0,1,1,0,0,1,1,0,0,1,1,0,1,0,0,0,1,0,0,0,0,1,0,0,0,0,0,1,1,0,1,0,0,1,0,1,0,0,0,0,1,0,1,0,0,0,0,0,0,1,1,0,0,1,0,1,0,1920.61,0,0.0,1920.61
